,metric=max,metric=mean,metric=max3
prec,1.0,0.0,1.0
rec,1.0,0.0,1.0
f1_macro,0.987860310421286,0.4281984334203655,0.9877104377104378
f1_pos,0.9818181818181818,0.0,0.9814814814814815
pos_prec,0.8100000000000002,0.65,0.8000000000000002
pos_rec,0.65,0.65,0.65
pos_f1_macro,0.8000000000000002,0.65,0.8000000000000002
pos_f1_pos,0.8000000000000002,0.65,0.8000000000000002
