,metric=max,metric=mean,metric=max3
prec,1.0,0.0,1.0
rec,1.0,0.0,1.0
f1_macro,0.8111992024753361,0.42700156985871274,0.8082844309208144
f1_pos,0.7263681592039802,0.0,0.7289719626168224
pos_prec,0.8600000000000002,0.65,0.8600000000000002
pos_rec,0.65,0.65,0.65
pos_f1_macro,0.8000000000000002,0.6900000000000001,0.7900000000000001
pos_f1_pos,0.8000000000000002,0.65,0.7900000000000001
