,metric=max,metric=mean,metric=max3
prec,1.0,1.0,1.0
rec,1.0,0.023255813953488372,1.0
f1_macro,0.9181201550387597,0.45129870129870125,0.9077981379351242
f1_pos,0.875,0.04545454545454545,0.8631578947368421
pos_prec,0.8400000000000002,0.65,0.8400000000000002
pos_rec,0.65,0.65,0.65
pos_f1_macro,0.8100000000000002,0.65,0.8000000000000002
pos_f1_pos,0.8100000000000002,0.65,0.7900000000000001
