,f1_macro,f1_weighted,accuracy,prec,rec,execution_time(sec)
0,0.6054753820033956,0.6249660943731729,0.6094674556213018,0.3944954128440367,1.0,6175.02
