,f1_macro,f1_weighted,accuracy,prec,rec,execution_time(sec)
0,0.6211149783232582,0.6450411159653406,0.6273972602739726,0.40444444444444444,0.978494623655914,6154.73
