,f1_macro,f1_weighted,accuracy,prec,rec,execution_time(sec)
0,0.9480782908774795,0.9598784332730818,0.958904109589041,0.859375,1.0,3866.08
