,f1_macro,f1_weighted,accuracy,prec,rec,execution_time(sec),shape train data,shape test data
0,0.5775000000000001,0.7236094674556214,0.7869822485207101,1.0,0.16279069767441862,1.333,"(1998, 26930)","(338, 26930)"
