,f1_macro,f1_weighted,accuracy,prec,rec,execution_time(sec),tp,fp,fn,tn,shape train data,shape test data
0,0.42700156985871274,0.6364078191866842,0.7452054794520548,0.0,0.0,0.586,272,0,93,0,"(1000, 18274)","(365, 18274)"
