,f1_macro,f1_weighted,accuracy,prec,rec,execution_time(sec),tp,fp,fn,tn,shape train data,shape test data
0,0.5775000000000001,0.7236094674556214,0.7869822485207101,1.0,0.16279069767441862,1.31,252,0,72,14,"(1998, 26930)","(338, 26930)"
