,f1_macro,f1_weighted,accuracy,prec,rec,execution_time(sec),tp,fp,fn,tn,shape train data,shape test data
0,0.45129870129870125,0.6506186121570737,0.7514792899408284,1.0,0.023255813953488372,0.588,252,0,84,2,"(1000, 18508)","(338, 18508)"
