,f1_macro,f1_weighted,accuracy,prec,rec,execution_time(sec)
0,0.9263167073596092,0.9423763165009711,0.9408284023668639,0.8235294117647058,0.9767441860465116,180.153
