,f1_pos,prec,rec,execution_time(sec)
0,0.7699530516431925,0.6833333333333333,0.8817204301075269,185.157
