,f1_macro,f1_weighted,accuracy,prec,rec,execution_time(sec)
0,0.8375877443902617,0.8707565389155367,0.8657534246575342,0.6833333333333333,0.8817204301075269,189.325
