,f1_pos,prec,rec,execution_time(sec)
0,0.9423076923076923,1.0,0.8909090909090909,118.75
