,f1_pos,prec,rec,execution_time(sec)
0,0.8936170212765957,0.8235294117647058,0.9767441860465116,171.171
