,f1_macro,f1_weighted,accuracy,prec,rec,execution_time(sec)
0,0.9621718102257024,0.9720585173173147,0.9726027397260274,1.0,0.8909090909090909,121.357
