,metric=max,metric=mean,metric=max3,metric=yolo
prec,1.0,1.0,1.0,1.0
rec,1.0,1.0,1.0,1.0
f1_macro,0.9263167073596092,0.8856015779092702,0.9196358819333582,0.8838603841762821
f1_pos,0.8936170212765957,0.8284023668639053,0.8813559322033897,0.8306010928961748
pos_prec,0.8200000000000002,0.7800000000000001,0.8000000000000002,0.7800000000000001
pos_rec,0.65,0.65,0.65,0.65
pos_f1_macro,0.7700000000000001,0.7400000000000001,0.7700000000000001,0.7400000000000001
pos_f1_pos,0.7700000000000001,0.7400000000000001,0.7700000000000001,0.7400000000000001
