,metric=max,metric=mean,metric=max3,metric=yolo
prec,1.0,0.9,1.0,0.8
rec,1.0,1.0,1.0,1.0
f1_macro,0.8389748937194192,0.7728591167505194,0.845526620207093,0.7772441425425214
f1_pos,0.7699530516431925,0.6666666666666666,0.7761194029850746,0.6905829596412557
pos_prec,0.8300000000000002,0.7700000000000001,0.8200000000000002,0.7800000000000001
pos_rec,0.65,0.65,0.65,0.65
pos_f1_macro,0.7800000000000001,0.7400000000000001,0.7600000000000001,0.7300000000000001
pos_f1_pos,0.7700000000000001,0.7300000000000001,0.7600000000000001,0.7300000000000001
