,metric=max,metric=mean,metric=max3,metric=yolo
prec,1.0,1.0,1.0,1.0
rec,1.0,1.0,1.0,1.0
f1_macro,0.9621718102257024,0.861228200677742,0.8915191490471102,0.8440512708150745
f1_pos,0.9423076923076923,0.7927927927927927,0.8429752066115703,0.7678571428571429
pos_prec,0.7700000000000001,0.7500000000000001,0.7600000000000001,0.7500000000000001
pos_rec,0.65,0.65,0.65,0.65
pos_f1_macro,0.7700000000000001,0.7200000000000001,0.7500000000000001,0.7200000000000001
pos_f1_pos,0.7700000000000001,0.7200000000000001,0.7500000000000001,0.7200000000000001
